"estabelecimento","total gasto"
"RA CATERING LTDA - THE COLLECTION-CUMBICA SP","464817,93"
"RA CATERING LTDA-THE COLLECTION CUMBICA SP","232359,21"
"TOLEDO JR LANCHES LTDA",145213
"GATE GOURMET LTDA","142337,96"
"CATERAIR SERVIÇOS DE BORDO E HOTELARIA S/A","129169,7"
"RESTAURANTE DO AEROPORTO LTDA AEROPORTO DE CONGONH","120992,59"
"RESTAURANTE BANDEIRANTES DO CASTELO LTDA","108848,8"
"LANCHONETE TONY E THAIS LTDA. ME",102625
"BAHIA CATERING LTDA (LSG SKY CHEFS)","73913,33"
"CIA BRAS DE DISTRIB. - EXTRA","66020,71"
"TOLETO GRIL RESTAURANTE LTDA","57730,5"
"BERNARDUS RESTAURANTE LTDA-ME","55642,22"
"COMPANHIA BRASILEIRA DE DISTRIBUIÇÃO","52853,8700000001"
"AMAZON CATERING LTDA","49964,71"
"SERVCATER INTERNACIONAL LTDA","47383,04"
"SANFERNANDO ALIMENTOS LTDA","46918,5"
"CARREFOUR COM E INDUSTRIA LTDA","42072,33"
"CARREFOUR COMÉRCIO E INDÚSTRIA LTDA","40585,85"
"MARCIA DE SOUZA BATISTA","35353,03"
"CATERAIR SERVIÇOS DE BORDO","35338,11"
"CARREFOUR COMERCIO E INDUSTRIA LTDA","30599,43"
"NOVA VITÓRIA RÉGIA LTDA. EPP",26204
"CHURRASCARIA E RESTAURANTE ANDI LTDA","26120,4"
"ZEN CONFEITARIA","25688,3"
"SUPERMERCADOS DB LTDA","25034,27"
"RA CATERING LTDA","24808,04"
"TAPIRI IND. E COMÉRCIO ALIMENTÍCIOS LTDA","24180,71"
"BAR IMPERATOR LTDA","23858,46"
"NOVA RIOTEL EMPREENDIMENTOS HOTELEIROS LTDA","23508,5"
"NATAL CATERING LTDA","21383,23"
"CANAJUARA BAR CHOP. E RESTAURANTE LTDA - ME",20672
"PANIFICADORA LA PLAGE LTDA","20351,52"
"TATIANA DE CASSTRO - ME (A CANTINA)","19827,3"
"CAFES FINOS NATAL LTDA","19632,67"
"SANTOS E LACERDA COMERCIAL LTDA EPP","19225,2"
"RESTAURANTE AEROPORTO CARIOCA LTDA","18558,1"
"VIVEL COMERCIO E DIST LTDA ME MEE - REDE SHOW","18492,97"
"SERRA VERMELHA RESTAURANTE E BAR LTDA",18216
"IZABEL DE GODOY - EPP","17535,66"
"BOMPREÇO SUPERMERCADOS DO NORDESTE LTDA","17296,64"
"PANIFICIUM COMERCIAL LTDA",16389
"G. BARBOSA COMERCIAL LTDA","16261,58"
"V. ROMANELLI & CIA LTDA","16161,7"
"RA SERVICES LTDA","14651,65"
"RESTAURANTE E BAR NOVA TABERNA DA GLORIA LTDA","14487,8"
"COMPANHIA HOTÉIS PALACE","13446,23"
"WAL-MART BRASIL LTDA","13322,1"
"RESTAURANTE E BAR AMARELINHO DA GLÓRIA LTDA","13287,2"
"CIA TRANSAMÉRICA DE HOTÉIS - SÃO PAULO","13277,5"
"CIA TROPICAL DE HOTEIS AMAZONIA","13167,6"
"MARIA SUELY SOUZA JARDIM - ME",12974
"CHURRASCARIA RODEIO",12872
"FABRIL RIO ALIMENTAÇÃO E EVENTOS LTDA",12826
"KEDMA E. DA S. RODRIGUES PANIFICAÇÃO",12794
"ALINE FERNANDA RODRIGUES",12792
"SENDAS DISTRIBUIDORA S.A","12615,97"
"D&A ALEMÃOZINHO RESTAURANTE LTDA",11709
"SUPERMERCADO CARDOSO LTDA","11565,84"
"SUPERMERCADO COPERNORTE","11482,23"
"CATERSUL ALIMENTAÇÃO LTDA","11343,43"
"SGORLA COMÉRCIO E INDÚSTRIA DE ALIMENTOS LTDA","11339,5"
"LANCHONETE IRAES LTDA- LANCH TONY E THAIS","11076,5"
"PAO DE AÇUCAR","10789,21"
"CAFES FINOS FORTALEZA LTDA","10498,75"
"BOI NA BRASA COMERCIO LTDA",10145
"TRES G. S. COMÉRCIO E DISTRIBUIÇÃO DE GENEROS ALIMENTÍCIOS LTDA","9509,02"
"NADJA NAIDE SILVA LIRA",9479
"EMPREENDIMENTOS SUL CEARENSE DE HOTEIS E TURISMO S A","9321,94"
"BOMPREÇO BAHIA S.A.","9303,78"
"SAMANTHA GUEDES EVENTOS CULINÁRIOS LTDA",9300
"MCDONALD'S COMÉRCIO DE ALIMENTOS LTDA","9253,6"
"TAMOYO EMPREENDIMENTOS HOTELEIROS LTDA - SANDRI P.HOTEL",9243
"IRMÃOS MUFFATO & CIA LTDA","9232,27"
"BAR E LANCHES ESTADAO LTDA","9106,7"
"ELSA APARECIDA JUSTINO RESTAURANTE - A CANTINA",9087
"SUPERMERCADO PAU FERRO LTDA","8929,49"
"RESTAURANTE SÃO LUÍS LTDA",8880
"VUFFET SANTOS 7 GUIMARÃES LTDA",8874
"G BARBOSA COMERCIAL LTDA","8774,9"
"GRAN CHEF CATERING",8717
"COMISSARIA AÉREA CAPIXABA LTDA","8652,4"
"C SCOTT COMÉRCIO DE ALIMENTOS LTDA",8610
"BOMPREÇO BAHIA S/A","8559,88"
"R.A. CATERING LTDA","8034,06"
"SABOR GOIANO COMERCIAL LTDA","8029,5"
"PANIFICADORA UMARIZAL LTDA",8000
"RESTAURANTE TERRAÇO MORADA DO SOL LTDA","7978,6"
"LANCHES PAULINO'S LTDA",7932
"CP COMERCIAL PLANALTO LTDA-ME","7916,95"
"C & D INDÚSTRIA E COMERCIO DE ALIMENTOS LTDA EPP",7877
"FLORESTA AMAZÔNICA HOTEL E TURISMO LTDA",7750
"CHURRASCARIA & PIZZARIA GARFO DE OURO",7685
"PREDIAL E ADMINISTRADORA  HOTEIS PLAZA S/A-SAN RAFAEL","7580,36"
"IBIRAPUERA PARK HOTEL LTDA",7557
"BRITO E OLIVEIRA LTDA","7487,9"
"TOB'S LANCHES SUL LTDA","7464,28"
"AVILA & VIEGA COMÉRCIO DE ALIMENTOS LTDA - SUBWAY","7348,9"
"BONANZA SUPERMERCADOS LTDA","7223,25"
"ALMIR GOMES DA SILVA",7213
"GARBIN PUERARI & CIA LTDA ME",7138
"BABY BEEF BH LTDA",7038
"UNIVERSO TROPICAL LANCHES LTDA",7023
"HOTEL BOURBON DE CURITIBA LTDA","6999,29"
"CHURRASCARIA CHARRETE LTDA",6954
"HOTEL BOURBON DE FOZ DO IGUAÇU LTDA","6933,8"
"PANIFICADORA N. S. DO PERPÉTUO SOCORRO",6680
"SUPERMERCADO BOM GOSTO LTDA","6668,9"
"RESTAURANTE MANTA LTDA","6607,9"
"MERCADO LUMER LTDA","6470,89"
"HORTIFRUT GUARUJÁ LTDA","6462,33"
"BUFFET JELLTCA LTDA","6321,8"
"PANIFICADORA E CONFEITARIA FREI LTDA. - EPP",6236
"FORMOSA SUPERMERCADO","6037,82"
"PANIFICADORA BENTEL LTDA","6030,8"
"LANCHONETE DUARTE - LTDA. (HELIPONTO BAR E RESTAUR",5952
"SR SUPERMERCADO LTDA","5943,65"
"BELÉM SERVIÇOS DE BORDO LTDA","5921,75"
"M. DE N. L. FEITOZA - MERCANTIL","5896,35"
"BUFFET CAMPO GRANDE LTDA",5858
"WMS SUPERMERCADOS DO BRASIL LTDA","5739,11"
"CÉLIO PEREIRA - ME",5700
"DALL'AGNOL&THOMÉ LTDA EPP",5628
"MARLENE RAMIRES SCANONI - ME","5607,5"
"WESTERN HOUSE - RESTAURANTE FINO SABOR","5557,5"
"RISTORANTE TERRAÇO GIARDINO GOLDEN INGÁ LTDA","5549,2"
"RESTAURANTE BACALHAU VINHO LTDA - EPP",5485
"RICARDO RUFINO CECILIO - ME",5463
"COMPANHIA BRASILEIRA DE DISTRIBUIÇÃO - PÃO DE AÇUCAR","5442,77"
"CHURRASCARIA REI DA COSTELA",5440
"ROTISSERIE DELLE SORELLE LTDA",5318
"XODÓ DA VOVÓ LTDA - EPP",5300
"R R COMIDA POR KUILO LTDA",5244
"ITAPOA SUPERMERCADO LTDA","5223,4"
"M.G. RICCIARDI & CIA LTDA . - EPP",5181
"RESTAURANTE PANORAMA - DALTO SCHEIBEL","5153,5"
"PADARIA TRIGO DA TERRA LTDA",5150
"VICTOR BUSINESS HOTEL LTDA",5085
"FRILLER BRASIL ALIMENTOS LTDA","5070,34"
"FRANCISCO DE ASSIS RODRIGUES",5065
"MCDONALDS COMERCIO DE ALIMENTOS LTDA","5057,8"
"MARALCO COMÉRCIO ALIMENTOS LTDA",5033
"NINKI SELF SERVICE LTDA - ME",5023
"R D COMERCIAL DE ALIMENTOS E RAÇÕES LTDA. ME","4992,36"
"EDNOZELLA ME",4980
"RESTAURANTE JOÁ LTDA","4979,66"
"SINHA-NORT COMERCIO E REPRESENTAÇÕES LTDA","4950,5"
"CHURRACARIA EXPO-ANHEMBI LTDA.EPP",4920
"KRISTINNE REFEIÇOES LTDA",4917
"CAFE FIORENZE LTDA",4862
"PAPA SERVIÇOS DE ALIMENTAÇÃO LTDA",4830
"BOMPREÇO BAHIA-SUPERMERCADOS LTDA","4804,52"
"IRENILDE RODRIGUES DA SILVA",4785
"ARRAS COMERCIO DE ALIMENTOS LTDA","4779,9"
"HOTEL FEIRA PALACE EVENTOS E TURISMO LTDA",4740
"S.M. DA SILVA - ME",4734
"C. M. CALIMAN",4726
"M. A. SILVA & SILVA LTDA","4717,15"
"VITORIA SUPERMERCADOSLTDA","4706,05"
"HOTEL BEIRA RIO DE ITUMBIARA LTDA","4679,4"
"SUPERMERCADO GONÇALVES LTDA","4670,12"
"ELZINEIDE BERNARDINO PEREIRA - ME",4664
"FORTALEZA SERVIÇOS DE BORDO","4633,69"
"PANIFICADORA A ESSENCIAL LTDA EPP",4582
"PADARIA DA BARRA LTDA","4556,5"
"PLANET PÃO LTDA","4548,1"
"M M CAVALCANTE COMERCIAL","4510,4"
"LEMES & RICARDO LTDA - ME",4495
"S.F. ALVES PINTO",4453
"COMÉRCIO E DISTRIBUIÇÃO SALES LTDA","4430,97"
"J.B. PALACE HOTEL LTDA","4430,25"
"FEIRA PALACE HOTEL",4390
"D.S.M. RESTAURANTE E CACHAÇARIA LTDA","4389,08"
"GRA  RESTAURANTE COMERCIO E IMPORTAÇÃO LTDA",4379
"PANETINE PANIFICADORA E DELICATESSEN LTDA - EPP",4344
"HOTEL MAR ABERTO LTDA","4306,1"
"TRIANON RESTAURANTE SCOTH BAR",4265
"A L RIBEIRO FILHO",4246
"VERDES VALES LAZER HOTEL","4244,8"
"CARREFUR COMÉRCIO E INDÚSTRIA","4218,96"
"S. PINHEIRO JUNIOR",4140
"TROPICAL HOTELARIA LTDA","4114,05"
"GERALDO PAIVA DOS SANTOS JUNIOR","4097,23"
"COSTELARIA CARRO DE BOI DE CAMPINAS LTDA",4095
"JK RESENDE COMÉRCIO DE DERIVADOS DE PETRÓLEO LTDA.","4070,1"
"PIZZARIA AGUA VIVA LTDA -MME",4056
"SERV-EXPRESS CONVENIENCIA LTDA",4045
"QUATI FRUTI - MARIA ANJOS SOARES - MERCADINHO","4037,74"
"CLIO AERO MEAL LTDA",4018
"I R  DA SILVA VEBER-ME","3995,9"
"COLHER DE PAU REST. LTDA ME",3984
"REBECA MEDEIROS OLIVEIRA DA SILVA","3980,5"
"MATIAS E MONTEIRO LTDA","3947,6"
"LUDMILLA PACHECO DE SOUZA GONZAGA JAIME","3941,84"
"M C MORAIS MEE (MERCEARIA PIAUI)",3905
"M.P.A. HOTELARIA E TURISMO LTDA",3872
"ESPECIARYA INDUSTRIA E COMERCIO LTDA","3869,95"
"LANCHERIA E RESTAURANTE TAYLOR TAYNA LTDA",3858
"ASPARAGUS ALIMENTOS","3849,5"
"WMS SUPERMERCADO DO BRASIL LTDA","3796,59"
"BRANCA DE CABO FRIO CONFEITARIA LTDA",3796
"SUPERMERCADO NOVA ESTRELA LTDA","3766,56"
"ROBERTA JULIANE M. S. A. DE OLIVEIRA - CHURRASCARIA",3735
"FRANCISCA BENEDITO DE OLIVEIRA",3699
"PAULISTA PRAIA HOTEL S/A","3655,68"
"CHURRASCARIA GAUCHA LTDA",3655
"CHURRASCARIA KILOMBO LTDA",3645
"PADARIA PRISTSCH LTDA","3636,14"
"SUPERMERCADO GUANABARA S/A","3629,3"
"BARRAVENTO HOTEL LTDA",3600
"CHURRASCARIA GRILL",3577
"NAZARE COMERCIO DE ALIMENTAÇÃO E MAGAZINES LTDA","3557,57"
"RANCHO CATARINENSE",3546
"LUIZA AQUIM EVENTOS CULINÁRIOS LTDA",3500
"J. DE S. DUARTE ME","3499,6"
"CHURRASCARIA TREVO SUL LTDA","3452,4"
"HOTEL FAZENDA SÃO FRANCISCO",3430
"PARANÁ RESTAURANTE LTDA",3420
"CHURRASCARIA ASA BRANCA CENTRAL LTDA",3416
"MATEUS SUPERMERCADOS LTDA","3407,62"
"EDSON PINTO MARIANO NETO - ME",3401
"IRNAAIS GOMES DE CARVALHO",3393
"LANCHONETE VALENTE LTDA","3359,4"
"RESTAURANTE BRASSERIE BRICKELL KEY LTDA","3339,6"
"FORMATO INDUSTRIA E COMÉRCIO DE ALIMENTOS LTDA",3320
"BUFFET LA DEFENSE LTDA",3315
"CAFES FUNOS          IGUAÇU LTDA","3309,4"
"PORTAL HOTÉIS LTDA",3255
"EDNA SAMPAIO DE OLIVEIRA - DEMOISELLE","3237,95"
"RESTAURANTE TUTTA PASTA LTDA","3167,8"
"SALGUEIRO PLAZA HOTEL LTDA - ME","3150,8"
"LANCHONETE JING 698 LTDA",3138
"CHURRASCARIA PIMENTEL E SILVA LTDA",3121
"WALL MART BRASIL","3098,09"
"PERUZZO SUPERMERCADOS LTDA","3078,52"
"MAQUINÉ EMPREENDIMENTOS S/A","3048,2"
"COMERCIAL CELEIRO LTDA","3040,1"
"IBRAHIM HADAD NETO",3003
"PADARIA & CONFEITARIA CAFÉ DA PRAIA LTDA ME","3002,4"
"PAULO ROGERIO DA SILVEIRA -ME - DOCAS",3002
"COOPERATIVA AGRO EXTRATIVISTA BOM DESTINO",3000
"STEIN & STEIN LTDA","2995,2"
"SUPERMERCADO ECONOMICO","2990,84"
"JUJU PIZZARIA LTDA.",2990
"O.M.DE OLIVEIRA & CIA LTDA","2977,5"
"UNICATER ALIMENTOS E SERVIÇOS LTDA",2960
"AMIGÃO LINS SUPERMERCADO LTDA","2924,07"
"SAN SIRO COMESTÍVEIS LTDA.",2875
"RESTAURANTE & LANCHONETE TERRA DE MINAS LTDA",2849
"FRANCISCO GINETE ANDRADE - ME","2842,4"
"NECTART DA SERRA LTDA","2840,4"
"SUPERMERCADO BAHAMAS LTDA","2816,6"
"J. C. SANTOS E CIA LTDA","2811,94"
"EL DORADO FEIRAS E EVENTOS LTDA-ME",2800
"VITOR CARDOSO PATRÃO E CIA LTDA",2795
"BIGBURGER SALVADOR LANCHONETES LTDA",2783
"PANIFICADORA E LANCHONETE GRATEKI VIEIRA LTDA",2768
"PANIER ALIMENTOS LTDA","2763,81"
"COMERCIO DE ALIMENTOS LTDA","2753,25"
"BESSA E CIA LTDA",2730
"IRMANDADE SANTA CASA DE MISECORDIA DE SOBRAL","2725,5"
"BAR GASPARINI LTDA",2712
"HOTEL THERMAS LTDA","2708,75"
"AMARAL E AMARAL LTDA",2688
"CIA DO SABOR",2680
"PURAS DO BRASIL S.A",2656
"IRMÃOS BRETAS FILHO E CIA LTDA","2640,26"
"MACRUZGIO´S BAR E LANCHEIRIA LTDA",2626
"J.R.M. LIRA BROL RESTAURANTE",2625
"MIRANTE INDUSTRIA E COMERCIO DE PÃES LTDA","2624,8"
"COMERCIAL DE ALIMENTOS CARREFOUR S/A","2620,3"
"PAES E DOCES",2612
"PETROLINA PALACE HOTEL LTDA",2607
"G. HENRIQUE ARAÚJO - ME","2605,9"
"HUBERT ROBERT COIMET",2600
"GALETO 80 GRAUS RESTAURANTE LTDA.",2567
"BELLA PAULISTA PÃES DOCES E CONVENIÊNCIAS LTDA EPP",2559
"BAR E LANCHES PAMPLONA LTDA - ME","2544,5"
"RA SERVICE LTDA","2536,7"
"COMISSARIA VITORIA LTDA","2530,8"
"TRANSCONTINENTAL HOTÉIS E TURISMO LTDA",2530
"SALCO COMERCIO DE ALIMENTOS S/A","2516,1"
"MILI INDÚSTRIA DE PANIFICAÇÃO E COMÉRCIO DE ALIMENTOS LTDA",2507
"TRIO DOCE ALIMENTOS LTDA - ME",2500
"SUPERMERCADO MODELO LTDA","2482,43"
"SAN  MIGUEL IND E COMERCIO DE PÃES LTDA",2475
"MERCADINHO BRASILA LTDA","2422,14"
"MATEUS SUPERMERCADO LTDA","2416,45"
"TEODORO $ BRITO LTDA","2415,19"
"ORIAN VASCONCELOS CARVALHO - ME",2405
"VARANDAS DE LARANJEIRAS RESTAURANTE LTDA",2400
"INGRA HOTEL LTDA","2390,6"
"CANTINA ROMANA DE VARGINHA LTDA","2346,5"
"KALLOPOLLI COMERCIO DE ALIMENTOS LTDA","2338,25"
"IMAD HAMDAR JUNIOR",2336
"DALPIAN DALPIAN & CIA",2316
"CARNE SOL RECANTO PICUI LTDA","2306,5"
"CHURRASCARIA GAÚCHA ROMANI II LTDA",2302
"ANTONINO CESAR DE MORAES BATISTA E CIA LTDA",2300
"CIA. INDUSTRIAL DE GRANDES HOTÉIS - HOTEL GLÓRIA","2294,9"
"LUIZ CARLOS BARROS ALVES- ME",2280
"HOTEL PEDRA NEGRA LTDA",2275
"MARIN & ARMANI LTDA EPP - RESTAURANTE CONCEIÇÃO",2266
"LANCHONETE BARDOT LTDA. - ME","2263,6"
"ASSOCIAÇÃO LUSO-BRASILEIRA CLUBE ESTORIAL","2251,3"
"MARIA DA GLÓRIA DO AMARANTE SILVA","2244,6"
"PELOTAS HOTEIS MANTA","2209,46"
"HILTON DO BRASIL LTDA",2208
"CARLOS WALTER ALVES SANTOS",2175
"J.A.D ARAÚJO & CIA",2171
"ISAIAS RODRIGUES MORORÓ",2170
"FERREIRA E ALMEIDA REST E CHOPERIA LTDA",2162
"ANTONIO ERISVALDO LINHARES PONTE",2125
"G. ARAUJO &CIA LTDA","2114,8"
"COREMEL COMERCIAL DE ALIMENTOS LTDA","2080,5"
"MARAJA PÃO LTDA",2075
"CHURRASCARIA O LAÇADOR LTDA","2041,93"
"ABOUL & HOSN LTDA - ME",2032
"AIPO COPA RESTAURANTE LTDA - SOLÁRIO","2028,5"
"MARÉ MANSA RESTAURANTE E CHOPERIA LTDA",2028
"SILVA & BORBA RESTAURANTE LTDA","2017,35"
"IRMÃOS PINHEIRO HOTEIS E TURISMO LTDA.",2016
"HERMES SOARES GOMES",2000
"EJS HOTEIS E TURISMO S/A",1993
"CONVENTO DO CARMO S/A","1979,06"
"BAR CABANAS LTDA",1976
"J.F. MARTINS & CIA LTDA",1976
"RESTAURANTE PORTO ALEGRE","1969,6"
"FORMIPAN INDUSTRIA DE PÃO LTDA",1960
"ORIENT-EXPRESS HOTELS BRASIL S.A","1951,3"
"JUDITE MARIA KORTE (RESTAURANTE) EM FRENTE AO AEROPORTO",1950
"NEIDE DOS SANTOS HINO ME",1931
"H. O.   DE SÁ - ME",1930
"JULIO C. LELIS MOREIRA - ME",1926
"MANIA DE COMER BEM",1920
"J. E. ALIMENTOS LTDA","1916,55"
"PANOFF","1898,7"
"ÂNGELO EDELBERTO GONZAGA DE ARAÚJO",1890
"CRIS COMÉRCIO DE ALIMENTOS LTDA",1890
"SUPERMERCADO BEPLER LTDA",1890
"BPS TURISMO LTDA - HOTEL COROADOS",1881
"COLINA COMÉRCIO DISTRIBUIDORA LTDA","1878,08"
"CAFÉS FINOS BELÉM LTDA","1876,6"
"O PÃO NOBRE BRASIL NORTE LTDA","1864,39"
"SIBÉLIA NOVAES VIANA",1860
"GRAN COFFEE",1842
"PADARIA EXCELSIOR LTDA",1842
"CAMILA FURLAN DA COSTA ME",1841
"PADARIA E CONFEITARIA HAITI LTDA.",1836
"COMFOR COMERCIO FORNECIMENTO E SERVIÇOS LTDA","1829,8"
"CARREFOUR COMERCIO E INDÚSTRIA","1829,4"
"DECARLI & DALLABRIDA LTDA - MERCADO DO COLONO",1826
"CERQUEIRA & SILVA LTDA",1818
"RAMOS & SANTOS LTDA - ME",1815
"MCDONALD'S COMERCIO DE ALIMENTOS LTDA","1807,6"
"JOÃO ANGELO PASINI",1800
"L.C PEREIRA BAR - MEE",1800
"SUPERMERCADO REI DO ARROZ LTDA","1780,16"
"PADILHA & PEREIRA RESTAURANTE LTDA",1766
"LIVRAMENTO PALACE HOTEL LTDA",1752
"PETRALCO COMERCIO DE ALIMENTOS LTDA","1745,15"
"TOQUETÃO E TOQUETÃO LTDA ME",1745
"RESTAURANTE MOSTEIRO LTDA.",1730
"A.M.R. MAIA IMP. EXP. MERCANTIL NOVA VIDA","1726,06"
"SILVA & QUEIROZ LTDA","1719,5"
"J C LIMA SANTOS",1710
"RESTAURANTE ATLÂNTICO SUL",1710
"FLOR DO CERRADO RESTAURANTE",1708
"A.C.M. TORRES COM. E SERVIÇOSS","1704,5"
"BOMPREÇO SUPERMERCADOS NE LTDA","1703,31"
"R. J. CARDINAL LTDA","1699,64"
"INACIO'S RESTAURANTE LTDA","1683,21"
"ALAMEDA PARK S/A - RESTAURANTES E SERVIÇOS TURISTICOS",1680
"SABOR LATINO RESTAURANTE LTDA","1678,4"
"HUMBERTO GURGEL PINTO - ME","1664,5"
"PARK BLUMENAU RESTAURANTE LTDA - ME",1650
"CAQUI CAFÉ RESTAURANTE LTDA",1633
"COOPERATIVA AGRÍCOLA DE CAMPO GRANDE","1630,92"
"DEL MAR (COSIL HOTEIS E TURISMO S.A)","1630,8"
"PESTANA CURITIBA","1626,02"
"PANIFICADORA CACIQUE LTDA",1626
"SONAE DISTRIBUIÇÃO BRASIL S.A.","1600,32"
"LAGO HOTEL LTDA",1590
"LE VILLE PÃES E DOCES LTDA","1578,2"
"EMANUEL PATRICIO FERREIRA DE ANDRADE - PESCADOS - ME",1577
"RESTAURANTE ECOLÓGICO N. S. APARERCIDA",1575
"MOACIR ALFREDO BENTO - ME",1573
"PANIFICADORA TANGARÁ LTDA - EPP",1560
"HOTÉIS OTHON S/A","1555,5"
"OCEANO PRAIA HOTEL LTDA",1550
"PESSI COMERCIO DE LANCHES LTDA","1541,52"
"SUPERMERCADO NORDESTÃO LTDA","1540,11"
"NEW LIFE","1536,6"
"CLUBE ATLÉTICO MONTE LÍBANO",1533
"CASA DE LANCHES CRAVO PAULISTA LTDA. - EPP","1532,99"
"NSA COMERCIO E ALIMENTAÇÃO-MCDONALD'S","1525,45"
"JOSÉ GERALDO QUINTINO DA SILVA",1520
"PANIFICADORA E CONFEITARIA KI-PÃO",1515
"PONTO 28 PAES E DOCES",1500
"BUFFET ELDORADO","1499,4"
"S SATO & CIA LTDA","1487,7"
"MCDONALD'S COMÉRICO DE ALIMENTOS LTDA","1487,5"
"SUPERMERCADO QUATRO AMIGOS LTDA - ME",1485
"PANIFÍCIO MATINA LTDA","1484,6"
"ANJOS E GOMES LTDA",1480
"PRATO SETE REFEIÇÕES CASEIRAS LTDA",1474
"SESC - SERVIÇO SOCIAL DO COMÉRCIO","1451,45"
"F. ELIAS DE MENDONÇA - ME","1451,4"
"CERVEJARIA RESTAURANTE FARRO BEER LTDA.",1449
"BP BRASIL ENTRETENIMENTOS",1440
"CLÁUDIA DE SOUSA DA CUNHA - ME",1440
"KIPIZZAS ROMA DO PARAISO LTDA ME",1440
"PADARIA DOCE SABOR",1430
"MIRACRUZ PANIFICAÇÃO LTDA. EPP","1427,85"
"LA GUSTOSA RESTAURANTE LTDA",1423
"PANIFICADORA E MERCEARIA TUPY","1413,6"
"HBS HOTELARIA LTDA","1413,5"
"WMS SUPERMERCADOS DO BRASIL","1412,26"
"PSEG-PNX ADMINISTRAÇÃO DE HOTEIS E RESTAURANTES LTDA",1406
"J.F. RESTAURANTE LTDA",1403
"L. FERNANDES BARBOSA PADARIA - ME",1400
"INTERCONTINENTAL HOTELARIA LTDA",1399
"GATEGOURMET","1387,96"
"HOTEL RIO PARNAÍBA LTDA",1386
"FERNANDA CRISTINA MASETTO BUENO ME","1382,4"
"BRIGADEIRO GRILL RESTAURANTE LTDA",1380
"JOÃO EUDES DOS SANTOS",1380
"MERCADINHIO FREIGORIFICO POTY LTDA","1377,02"
"LUIZ MORAIS DE OLIVEIRA",1369
"C.P. TEDESCHI & CIA LTDA ME",1368
"SENDAS DISTR S/A","1362,5"
"PASTELICIA TROPICAL LTDA",1358
"MAURA ELY MARQUES",1357
"CHURRASCARIA CASTELINHO DO SUL LTDA",1350
"ROMILDA ALVES DO CARMO 7 CIA LTDA - ME",1350
"ROWE LTDA","1347,44"
"LB CATERING RESTAURANTE LTDA","1346,5"
"RESTAURANTE QUERO MAIS LTDA","1346,4"
"RESTAURANTE PONTO DA CHULETA LTDA - ME",1342
"ROZANDEA ARAÚJO SOARES- SUPER COSMOS","1328,78"
"TANIA RODRIGUES SOARES","1327,24"
"RESTAURANTE E CHURRASCARIA CASA DO GAUCHO LTDA",1326
"EMAF - COMIDAS TÍPICAS LTDA","1306,2"
"BRASILTON BELÉM HOTÉIS E TURISMO S.A.","1302,75"
"PANIFICADORA E CONFEITARIA PINHEIRAIS","1301,4"
"DE ROSE HOTÉIS E TURISMO LTDA",1300
"CATARINA FONSECA COELHO",1297
"DOMINGOS RODRIGUES E CIA LTDA",1293
"SHELTON INN HOTEL ARARAQUARA LTDA",1292
"LANCHONETE E RESTAURANTE NOVA BARCELOS LTDA",1290
"RESTAURANTE DA LICENÇA LTDA",1290
"LIDER SUPERMERCADOS E MAGAZINE LTDA","1288,26"
"BARRA POINT RESTAURANTE LTDA","1287,8"
"OLIVEIRA E AQUINO LTDA",1280
"YAMADA S/A COMERCIO E INDUSTRIA.","1276,1"
"LANCHONETE E RESTAURANTE MORADO DO SOL LTDA",1260
"RESTAURANTE E CONVENIENCIA SABOR LTDA",1256
"RESTAURANTE PIZZARIA DOS MAGO LTDA",1242
"CHURRASCARIA DO TREVO",1240
"PETRO POSTOS DE ABASTECIMENTO LTDA",1232
"MC DONALD'S COMERCIO DE ALIMENTOS LTDA",1231
"PATEO MOINHOS ADM. E PARTICIPAÇÕES LTDA","1230,54"
"CHURRASQUETO E GALETO BICÃO LTDA",1221
"GERMANA BRAGA & BRAGA LTDA - EPP",1220
"GIASSI & CIA LTDA","1218,36"
"HOTEL ILHA DE SANTO AMARO LTDA - STRAND","1205,6"
"BARBÃO AMERICAN BAR LTDA - ME","1202,4"
"ATLANTICA HOTELS INTERNACIONAL BRASIL LTDA",1200
"C.A GRAVINA PANIFICADORA LTDA",1200
"GUERINI E FILHO LTDA",1200
"BAR FJC LTDA","1198,5"
"FORÇA 7 ARTIGOS NÁUTICOS LTDA","1195,44"
"GRAN ROMA COMÉRCIO DE ALIMENTOS LTDA",1194
"RECANTO DA PARAIBA LTDA - EPP","1189,5"
"CHURRASCARIA & PIZZARIA TRADIÇÃO DOS PAMPAS LTDA",1188
"PANIFICADORA E ROTISSERIA MONZA LTDA ME",1183
"PIRAMIDE PALACE HOTEL LTDA",1174
"QUALLITY DISTRIBUIDORA DE ALIMENTOS LTDA","1168,45"
"CONFEITARIA CASA DE MINAS LTDA",1167
"FRUTARIA E RESTAURANTE ALPHA MALL LTDA","1165,6"
"BOMPREÇO SUPERMERCADO DO NORDESTE","1164,68"
"VANUSA MARIA DA SILVA RESTAURANTE - ME","1162,5"
"RESTAURANTE VILA ANTIGA GRILL LTDA","1159,3"
"SUPERMERCADO RIBEIRO & RIBEIRO LTDA",1155
"A. L. VEZZAN & IRMÃO LTDA ME (RESTAURANTE E LANCHONETE PALHOÇA)",1150
"PANIFICADORA PÃO DA HORA",1150
"CARREFOUR","1149,74"
"K S PIERONI & CIA LTDA - ME","1149,2"
"FOGÃO A LENHA",1148
"MERCO PLAZA HOTEL - HZ HOTELARIA E ADM. IMÓVEIS LTDA",1144
"MESQUITA ADM. DE HOTEIS LTDA (HOTEL CANTO DA FLORESTA)",1144
"PANIFICADORA E CONFEITARIA LEMAR LTDA",1143
"ADEMIR RODRIGUES DE MENESES","1139,75"
"EMPREENDIMENTOS TUDO NO ESPETO","1130,9"
"S.D. DOCERIA E BUFFET LTDA",1119
"PTISQUEIRA E RESTAURANTE GOLFINHO DOURADO LTDA - ME","1118,4"
"MARCUS VINICIUS PEDROSA VERAS","1117,5"
"PEREIRA PINTO COMERCIO DE GENEROS ALIMENTICIOS LTDA","1116,54"
"J VIANEY PEREIRA QUINTO","1102,5"
"CHURRASCARIA E PIZZARIA AFONSO GRILL LTDA",1100
"ALAÍDE MARTINS DA SILVA",1096
"BOMPREÇO S/A SUPERMERCADOS DO NORDESTE","1087,17"
"METROPOLITAN HOTEL LTDA",1085
"MACRO ATACADO TREICHEL LTDA","1084,68"
"SODEXHO DO BRASIL COMERCIAL LTDA",1072
"BAR E RESTAURANTE TIA SALETE BAR BRENOTAUANA LTDA",1068
"PAES E DOCES CACONDE LTDA",1068
"DOCES MAQUINÉ LTDA","1067,2"
"CANECO BAR LTDA","1063,2"
"BENEDITA APARECIDA DA SILVA PADARIA - ME-SANTA RITA",1057
"DAYANE VILHENA DOS SANTOS",1056
"QUIOSQUE DOIS IRMÃOS",1056
"ANDRÉ LUIS DE SOUZA",1053
"SENDAS DISTRIBUIDORA SA","1050,74"
"EXTRA NORTE SUPERMERCADO LTDA","1050,54"
"CORDILHEIRA COMERCIO DE SUCOS E LANCHES LTDA",1050
"DOCE MAIOR CONFEITARIA INDÚSTRIA E COMÉRCIO LTDA",1050
"G. FERREIRA MARQUES RESTAURANTES - ME",1050
"GIOVANI & FERREIRA LTDA",1050
"MARIA JOSÉ DE CAMARGO BONANI E CIA LTDA - ME",1050
"PADARIA E CONFEITARIA BAVARIA LTDA",1050
"PESTANA - BAHIAINVEST INVESTIMENTOS TURÍSTICOS LTDA","1048,92"
"TB ALIMENTOS VITÓRIA LTDA",1046
"MONTESUL CHURRASCARIA LTDA.ME.","1042,9"
"MARIA CRISTINA CAPANEMA GONÇALVES",1042
"CICERA LEITE BEZERRA MEDEIROS - ME","1040,6"
"SUPERMERCADO GUANABARA SA","1037,97"
"PADARIA BELOPÃES LTDA",1035
"PANIFICADORA GOIÁS",1035
"R&E GUARUJA COMERCIAL DE ALIMENTOS LTDA","1034,17"
"JR RESTAURANTE BODE ASSADO FELIX LTDA ME",1020
"PURAS DO BRASIL SOCIEDADE ANÔNIMA","1017,6"
"CONDOR SUPER CENTER LTDA","1013,82"
"CHURRACARIA SARTORI LTDA",1008
"NOGUEIRA DE LIMA E FILHOS LTDA",1008
"NELCI DIAS MACIEL - ME",990
"PANIFICADORA CONFEITARIA E ASSADOS LTDA","986,6"
"CARLÃO LANCHES",980
"ALEXANDRE MATTAR IND. HOT. LTDA - HOTEL DAS PALMEIRA",972
"LABASAM SUPER LANCHES LTDA",963
"FABRICA DE BISCOITOS E PANIFICADORA BARÃO LTDA","953,4"
"GRAN MARQUISE EMPREENDIMENTOS S.A","943,77"
"NARA LAISE FREIRE SILVA","942,5"
"ARRAS COMÉRCIO DE ALIMENTOS LTDA","941,25"
"MEIRE SUZANA BAO",940
"BASTOS HOTÉIS E TURISMO LTDA",936
"RODEIO RESTAURANTE",936
"ROZI FURTADO GARCIA",926
"RESTAURANTE DELES LTDA",923
"RESTAURANTE AGUA NA BOCA",922
"DAMASCO, DAMASCO, QUINTINO DE JESUS LTDA","917,7"
"BOB'S","915,5"
"LORENO KRUTZMANN ME","910,5"
"PANIFICADOREA MAURICIO DE NASSAU LTDA",910
"PANIFICADORA PARQUE CECAP LTDA  - EPP","909,9"
"ATLÂNTICO RESTAURANTE LUCAS LTDA","908,34"
"BELISCÃO EXPRESS","903,2"
"ORDEPA ALIMENTOS E BEBIDAS LTDA",903
"ARCOS DOURADOS COM. DE ALIM. LTDA","902,1"
"DOLABELA E SILVA INDUSTRIA E COMERCIO LTDA - EPP",900
"RESTAURANTE FLORES LTDA - FORNO FOGÃO",900
"BOMPREÇO BAHIA SUPERMERCADOS LTDA","899,72"
"CLODOIR JOÃO DA SILVA JACO MOSSI ME",889
"DISK GOURMET COMÉRCIO DE ALIMENTOS LTDA","880,6"
"GERY'S RESTAURANTE LTDA",880
"PADARIA BOM DE MAIS E MANIA LTDA",872
"SP ALIMENTAÇÃO E SERVIÇOS LTDA","871,5"
"FATO BRASIL","868,75"
"ADÃO FERNANDES DE MACEDO","862,5"
"RESTAURANTE BADEN BANDEN LTDA",861
"COMERCIAL MATTOS LTDA",860
"J. GILVAN DE BRITO",860
"AUTO POSTO OURO VERDE DE REGISTRO LTDA",858
"RESTAURANTE BIG MEAL LTDA",855
"JOSENILDO ARAÚJO D OLIVEIRA - ME","850,8"
"CAFE E BAR JOIA DO BOTANICO LTDA","850,5"
"SERALCO-SERGIPE ALIMENTOS E COMERCIO LTDA.","843,6"
"CHURRASCARIA ANJO DOURADO LTDA","843,5"
"ROMAR COMÉRCIO LTDA","840,75"
"IRMÃOS ANDRADE COMERCIO DE PESCADOS LTDA",840
"JM BERZAGUI",840
"PAES E DOCES NOVA GALERIA",840
"PREMIUM RESTAURANTE E SERVIÇOS HOTELEIROS LTDA ME",840
"BOMPREÇO S.A SUPERMERCADOS DO NORDESTE","835,54"
"ABSM LANCHES LTDA","834,5"
"HOTEL E RESTAURANTE ÂNCORA LTDA - ME","832,5"
"BAR LANCHENETE E MINI MERCADO LAFERRARI LTDA-ME","830,5"
"PREZUNIC COMERCIAL LTDA","824,66"
"PANIFICADORA RIACHUELO LTDA",820
"BAR 14 BEER LTDA","816,5"
"JOSE DOS SANTOS RODRIGUES",810
"CENTRO DE ADESTRAMENTO DA MARAMBAIA (CADIM)",808
"CRER2007- GOLDEN TULIP CONTINENTAL",805
"CASA DI ROMA ALIMENTOS LTDA - EPP",800
"FALDI & CIA LTDA",800
"RAIMUNDO MARIANO DOS SANTOS RESTAURANTE","797,5"
"Y YAMADA S/A COM. IND","796,1"
"ASSOCIAÇÃO RECREATIVA CABANA CLUBE","795,6"
"OSNI ENETE DE OLIVEIRA",792
"UBIRATAN DE JESUS ROCHA","789,87"
"JANDAIA HOTEL LTDA","785,4"
"CHURRASCARIA FORMENTO LTDA - EPP",784
"CAFÉ E BAR BARÃO DA TORRE LTDA -  ITAHY",779
"NOGUEIRA BASTOS COMÉRCIO VAREJISTA DE GENEROS ALIMENTÍCIOS LTDA","776,8"
"FRANCISCO DE ASSIS MENDONÇA SILVA",776
"BARBOSA DE SOUZA E RODRIGUES LTDA-SUPERMERCADO ALVORADA","769,31"
"AN LANCHONETE E RESTAURANTE LTDA",768
"CAFE E BAR QUICK LTDA.","767,5"
"BAR E RESTAURANTE CASTEGLIONE",759
"HOTELARIA PRAIA COMPRIDA LTDA","756,8"
"SAINT ANTOINE PANIFICADORA E CONFEITARIA LTDA",756
"EDEN BAR E RESTAURANTE LTDA",750
"CHURRASCARIA RESIDENCIA IV",744
"FONSECA COMERCIO E INDUSTRIA DE ALIMENTOS LTDA",744
"A. J. DA SILVA COSTA - ME",741
"PROALFA COMERCIIO E DISTRIBUÇÃO LTDA","739,92"
"LUA CHEIA BAR E RESTAURANTE LTDA","739,8"
"MÁRIO SÉRGIO DA SILVA SANTOS - ME",738
"EMERSON VIANA VERAS","737,5"
"PÃES E DOCES NOVA MASCENA LTDA",735
"RESTPAM COMÉRCIO VAREJISTA DE ALIMENTOS LTDA.","729,6"
"M. A. S. SANTOS ARAÚJO",725
"SANDUICHERIA GOSTO E SABOR LTDA - ME",725
"JURANDIR FRANCA DOS SANTOS-ME",714
"VN E FN SUPERMERCADOS LTDA","708,82"
"KALLOPOLLI COMÉRCIO DE ALIMENTOS LTDA","706,8"
"SONAE DISTRIBUIÇÃO BRASIL S.A","704,53"
"ROBERTO CARLOS LIMA DE SOUZA - ME",704
"CARVALHO E FERNANDES LTDA",701
"NUTRIBEM ALIMENTAÇÕES LTDA",700
"ELDORADO S.A","696,54"
"HOTEL AEROPORTO LTDA",696
"SAUIPE S.A - SAUIPE PARK",696
"MARIA IVANIR DE SÁ BRAGANÇA - ME","695,5"
"GRAN MELIÁ MOFARREJ",690
"PANIFICADORA O PÃO NOSSO LTDA","689,3"
"SUPERMERCADO NORONHÃO LTDA","688,83"
"BUONA PIZZA COMÉRCIO DE ALIMENTAÇÃO LTDA","685,74"
"MALIBU PALACE HOTEL S/A","675,87"
"DANIELA PEREIRA DOS SANTOS - ME",675
"MORUBI HOTEIS",675
"BARBOSA COMERCIAL","668,9"
"RESTAURANTE E PIZZARIA UBERLANDIA","668,24"
"CARLINHOS PEDRO PLUCINSKI","663,5"
"CHURRASCARIA PANTANAL",660
"NEW ANAPOLIS HOTEL",660
"PANIFICADORA OURO PÃO LTDA",660
"PANIFICADORA UNIÃO FIALENSE LTDA",660
"RESTAURANTE PARAISO TROPICAL",660
"MACDONALD'S COMERCIO DE ALIMENTAÇÃO LTDA","658,25"
"RESTAURANTE ACREANO","654,5"
"F. MARINALDO ALVES GOMES",650
"L.L. DE SOUSA MESQUITA",648
"LEONIR TEREZA DA SILVA - ME",648
"AUTO POSTO CATARINÃO LTDA",640
"CHURRASCARIA O RECANTO DA SERRA LTDA","637,5"
"LANCHERIA CEL. VICENTE LTDA",636
"M. H. S. BARRETO CIA LTDA","632,4"
"ALEXANDRE MOREIRA GOMES",630
"BOI QUE RI",630
"COZINHA CHINEZA CHAN CHEN LTDA.",630
"J. D. S.  OLIVEIRA",630
"JOSE SILVIO ARAUJO MELO - ME",630
"MARTINS INDÚSTRIA E COMÉRCIO LTDA",630
"PANIFICADORA ENERGIA LTDA",630
"COMERCIAL CASTELO BRANCO LTDA","627,62"
"A.ANGELONI & CIA. LTDA","626,02"
"FAZENDA SANTA CLARA",625
"CLUBE RECREATIVO TUCURUÍ",624
"M.J.M.DOMINGOS",624
"MARIA HELIA VIANA DE SOUZA - ME",624
"BAR PIGALLE CLUB LTDA",621
"NAZARETH SIQUEIRA GUAIABA E CIA LTDA",621
"SOUZA BISPO LTDA",621
"IRMÃOS BRETAS  FILHOS E CIA LTDA","619,3"
"JACQUELINE SÁ SILVA","616,8"
"PANIFICADORA PAO E PAO",616
"R.C. ADMINISTRADORA LTDA",616
"RESTAURANTE BERLIM- JAIR P GIEHL",616
"FERNANDES % OLIVEIRA",610
"HOTEL HIMMELBLAU PALACE LTDA","605,9"
"CANTINHO GOIANO",605
"CARBALHO FARO & CIA LTDA","600,46"
"A. L. O. DE SOUZA (ME)",600
"ALCINEIA SOUZA DOS SANTOS",600
"METROPOLITANO BAR LTDA",600
"CANTINA NONO ANTONIO LTDA - ME",599
"FOGÃO DE MINAS RESTAURANTE LTDA","597,37"
"PADARIA E CONFEITARIA DIVINÓPOLIS LTDA",595
"LANCHONETE LA GONDOLA LTDA","594,4"
"GRAN BUFFET VICTORIAN LTDA",590
"RAQUEL ELIANE FERREIRA LOCATTI - ME",590
"RESTAURANTE CARNE DE SOL PICUI",585
"CIA BRASILEIRA DE DISTRIBUIÇÃO","582,72"
"PESTIQUEIRA E RESTAURANTE GOLFINHO DOURADO - ME",580
"CLAUDIA FATIMA PADRÃO GARCIA - ME","578,67"
"AGNALDO ALVES CAMPOS E CIA LTDA",576
"G. KOCK & CIA LTDA",576
"MC DONALDS COMERCIO DE ALIMENTOS",570
"CHURRASCARIA PORTO ALEGRE LTDA",567
"MOEMA LANCHES E SUCOS LTDA - EPP","560,5"
"CAFÉ CONTOS DE MINAS LTDA - ME",560
"DARLAN JOSÉ  DALAGNOL & CIA LTDA","552,5"
"SENDAS DISTRIBUIDORA S.A.","552,38"
"ARRAS COMERCIO DE ALIMENTOS LTDA (MAC DONALDS)","551,25"
"THIAGO JOSE MEDEIROS SAMPAIO CANTINA - ME",551
"I.L. SIMÕES LANCHONETE - ME",550
"JAZIEL M DO NASCIMENTO",550
"RENICIO SCHAURICH",550
"AZULINO FAST FOOD RESTAURANTE LTDA","545,9"
"L. D. LUCENA LTDA","543,6"
"REALCE COMERCIO DE ALIMENTOS LTDA","540,41"
"QUINZANI KEPPE & CIA LTDA",540
"ROYALTY BARRA HOTEL",540
"MEGA POLO RESTAURANTE LTDA - EPP","537,5"
"LUCSIM HOTÉIS LTDA","536,2"
"MACAPA HOTEL",533
"BAR E RESTAURANTE BONACINA LTDA","532,5"
"SUPERMERCADO LUCIANO DAS NEVES LTDA","529,1"
"GOLDEN GATE INDUSTRIA DE ALIMENTOS LTDA","526,5"
"BABY BURGUER LANCHES LTDA",525
"RAIMUNDO MANOEL DA SILVA RESTAURANTE-ME",525
"DAMASCENO & DAMASCENO LTDA","518,1"
"COMPANHIA ZAFFARI COMERCIO E INDUSTRIA","516,06"
"ESPIRITO DO CHOPP COMERCIO E ALIMENTOS LTDA","512,82"
"EVERALDO DOS SANTOS BATISTA",511
"JORGE HENRIQUE CORREIA-EPP",511
"ABACO CANTINA","510,4"
"AMARELIM BAR E RESTAURANTE LTDA",510
"SPYDER GESTÃO EMPRESARIAL LTDA",507
"PANIFICADORA E CONFEITARIA PÃO DE AÇÚCAR LTDA",506
"PEDERIVA & IRMÃOS LTDA",506
"SENDAS DISTRIBUIDORA S/A","505,63"
"RESTAURANTE LA VALENCIANA COM. E SERVIÇOS LTDA","501,6"
"APARECIDA FATIMA VILALBA FALCO",494
"COMERCIAL DE ALIMENTOS SÃO PAULO LTDA MEE","490,05"
"HOTELÉO - HOTÉIS E TURISMO LTDA-LEON PARK",488
"CONFEITARIA SANTO AMARO LTDA",486
"ASSASAVASSI LTDA","485,3"
"PAO GOSTOSO","480,9"
"EDM SOARES HOTELARIA ME",480
"MARINHO´S BAR LTDA - MEE",480
"RESTAURANTE E CHURRASCARIA SAL GROSSO LTDA",480
"SANFRA´S BAR GRILL & CHOPP LTDA - ME","479,6"
"QSC ALIMENTOS E COMERCIO LTDA","474,35"
"RECANTO DO PICUÍ",472
"CHARQUEADA SANTA RITA LTDA","470,6"
"CROWNE PLAZA - BELEM","466,15"
"NOSSO PÃO-MFR PANIFICADORA E CONFEITARIA LTDA",462
"Y YAMADA","460,56"
"CAFÉ E BAR RIO DANTAS LTDA",460
"SAN DIEGO HOTEL LTDA",456
"M.P.A. PARTICIPAÇÃO E ADMINISTRAÇÃO DE BENS E NEGÓCIOS LTDA","453,2"
"R & P EMPREENDIMENTOS ALIMTENTÍCIOS LTDA","451,56"
"RESTAURANTE E PIZZARIA PRATO FINO - ME","450,5"
"RESTAURANTE TENDA PAULISTA REFEIÇÕES LTDA",450
"BARCA RESTAURANTE E CHURRASCARIA LTDA",448
"SPACE BURGUER COMÉRCIO DE ALIMENTOS LTDA","447,75"
"RESTAURANTE AMORE MA&SA LTDA","445,5"
"BAR E RESTAURANTE JAMBOCK 313 MINI MERCADO LTDA ME",444
"GÓTICA PÃES E DOCES LTDA - EPP","440,1"
"VCN EMPREENDIMENTOS LTDA",440
"BOM PREÇO BAHIA S/A","435,18"
"ALESSANDRA BURANELLI NAKATA ME","434,5"
"LUIZ EVANILDO DE FRANÇA - HOTEL BELAS ARTES",432
"MCDONALD'S","427,5"
"DONDÉ & BUSINI LTDA ME.",426
"NOSSA CASA SELF SERVICE LTDA","425,5"
"BOB´S",422
"GUIMARÃES EMPREENDIMENTOS","421,6"
"SALA NOVE LANCHES LTDA",420
"LASELVA COMERCIAL LTDA","418,28"
"SUPERMERCADOS DO BRASIL S/A","416,07"
"MINI MERCADO DANTE DE PATTA LTDA",416
"LOURIVAL PESSOA MARQUES FILHO-ME-SPAZIO HOTEL",405
"PEDRO AMÉRICO VALADARES - ME","403,6"
"HOTEL ANACÃ SÃO CARLOS LTDA",402
"ANASTACIO ALBERTO TEIXEIRA & CIA LTDA",400
"AUTO POSTO DO TRABALHO LTDA",400
"J. M. DE ARAÚJO",400
"JME SANTO",400
"LANCHONETE ESQUINA DE ITACARÉ LTDA",400
"NEUZA PEREIRA DA ROCHA",400
"EMBRASA S/A  ALIMENTAÇÃO E SERVIÇOS","398,4"
"PANIFICADORA E LANCHONETE EXPRESSO PAES LTDA ME",395
"CRISTIANE A. MANENTE NEVES & CIA LTDA",393
"DONA ROÇA COMIDA MINEIRA",392
"KAP ANTHONI BAR E RESTAURANTE LTDA - EPP",390
"LANCHONETE PER BACCO 158 LTDA.",385
"MARIA DE FÁTIMA CRESPO PILLA",384
"PILÕES PALACE HOTEL LTDA",384
"TRIZOTO & TRIZOTO LTDA-GALPÃO PIZZARIA",384
"NINA COMERCIO DE ALIMENTOS LTDA","382,25"
"DOM CARLOS RESTAURANTE LTDA","379,25"
"LANCHONETE SÃO JORGE LTDA ME.",370
"PASTEL E CIA - MICHEL MIKHAEL NADER",368
"PANIFICADORA PANETTIERE FREI MANSUETO LTDA","367,5"
"MOISES MAGGIONI - MAGG'S",364
"ROCATEL LTDA",363
"FINOS SABORES RESTAURANTE LTDA ME MEE",360
"P.K. HOTELARIA E ADM. DE BENS LTDA",360
"PANIFICADORA E CONFEITARIA NOVA PRIMAVERA - LTDA",360
"LUIZ R. O. CADAXO","357,5"
"GOLDEN EXECUTIVE HOTEL LTDA","357,4"
"CARREFOUR COMÉRCIO E INDÚSTRIA LTDA.","356,28"
"COFFE CLUB CAFE LTDA - ME",354
"CHURRASCARIA CASA NOVA LTDA",352
"SÃO LUIS INVEST HOTELARIA E TURISMO LTDA",352
"HARGER & SILVA SUPERMERCADOS LTDA",350
"SUAVE SABOR RESTAURANTE E LANCHONETE LTDA - EPP",350
"A R SOUZA ME/MEE",348
"PANIFICADORA  PADRÃO REAL III LTDA.","347,6"
"EFE ELE COMERCIO LTDA","347,5"
"LANCHONETE DRAGÃO DE BELÉM LTDA - ME",345
"NUTRISERVE COMÉRCIO DE ALIMENTOS LTDA ME",345
"BAR E CANTINA UIRAPURU LTDA",342
"J COUTO OLIVEIRA LTDA HOTEL VILLAGE",340
"SALEN'S RESTAURANTES LTDA",336
"ACRÓPOLIS MARINA HOTEL",330
"COMERCIO DE ALIMENTOS PAPILLON LTDA",330
"HOTÉIS G.P S/A",330
"MAX SAVASSI ADMINISTRAÇÃO HOTELEIRA LTDA",330
"VANCEL-RESTAURANTE SABOR DA CASA LTDA",330
"L ORANGE RESTAURANTE",328
"SUPERMERCADO PRAIÃO LTDA","325,25"
"GALETÃO",325
"TOCA DO NETO PIZZARIA E RESTAURANTE LTDA",324
"LANCHONETE RIKINHO II LTDA. ME",320
"ROSEANE PURIFICAÇÃO LEAL",320
"RESTAURANTE CANTINA DO SUL LTDA",319
"MCDONALD´S","318,4"
"MC DONALD'S COMERCIO DE ALIMENTOS",318
"MCDONALD'S COMERCIO",318
"SERVIÇO SOCIAL DO COMÉRCIO - SESC",315
"RESTAURANTE IRMÃOS CAMPOS LTDA",314
"BAR E RESTAURANTE CASA BELLA",312
"M & T. ALOJAMENTOS LTDA-ME",312
"PORTO SEGURO HOTEL SALTO LTDA",312
"GRANDE HOTEL CANADA LTDA","309,3"
"LAGUNA TOURIST HOTEL LTDA",307
"CAFE EXPRESSO SULTÃO",306
"MARE ALTA PUB MACAE RESTAURANTE LTDA",306
"CATERVALLE ALIMENTOS E SERVIÇOS LTDA","305,3"
"ADAILTON DO ESPIRITO SANTO COSTA",305
"CATIA SHEILA SERENA RAMPENELLI",302
"BABY LANCHES",300
"J L B RESTAURANTE E ROTISSERIE LTDA. ME",300
"LE CANARD SERVIÇOS DE HOTELARIA LTDA",300
"LUIZ CARLOS DA SILVA (ME)",300
"M.O.BASTOS - ME",300
"M.P.S. SERVIÇOS LTDA - ME",300
"SERVICOM CATERING - REFEIÇÕES LTDA","299,65"
"BOMPREÇO BAHIA LTDA","299,32"
"ESFILHA BOA MANIA LTDA","298,2"
"CHURRASCARIA ZEBÚ & ZEBÚ LTDA -ME",297
"ANTONIO VIEIRA PRATES ME",295
"FRIGOMIL FRIGORIFICO MINEIRO LTDA",295
"SANTO SABOR-NILTON DA LUZ GOIS - ME","294,5"
"N V S PATRAO BAR E RESTAURANTE LTDA",289
"BRAGA E VIANA LTDA","281,75"
"GIVANILSON SILVA SANTOS",280
"VENHBO COMERCIO DE ALIMENTOS LTDA",279
"ELAINE SARMENTO DOS SANTOS - ME",276
"TOURIST PARQUE HOTEL - REDE MANTA DE LAZER E TURISMO",276
"EMPRESA HOTELEIRA NICOR LTDA",273
"SCAN COMERCIO",273
"M M FRANCO & CIA LTDA - ME","272,8"
"CHURRASCARIA SARANDI LTDA -ME",272
"JUARES",272
"SUSHI-MING RESTAURANTE","270,4"
"CHURRASCARIA TCHÊ PICANHAS LTDA",270
"RESTAURANTE E CHOPERIA MORUMBI LTDA - ME",270
"RESTAURANTE RODA CHOPP LTDA",268
"A.C. PORTELA IMPORTAÇÃO E EXPORTAÇÃO LTDA","266,73"
"RESTAURANTE BEIRA RIO",264
"RESTAURANTE DO LUIGI",264
"RESTAURANTECAROLI E SILVA LTDA",264
"PAULO HENRIQUE DAUFEMBACH - ME","263,5"
"SUPERMERCADO PALATO MACEIO","262,58"
"LMS COMÉRCIO DE ALIMENTOS LTDA","260,7"
"BAR E RESTAURANTE ZANETTI&MOTA LTDA - EPP",258
"C. DE LIMA LÓCIO",258
"LATICINIOS QUEIROZ","257,93"
"CAFÉ E BAR SELVA LTDA",255
"HOTEL TURISMO LE MAZOT SURMER LTDA",255
"JOSÉ PAULO CARNEIRO FILHO",255
"PEREIRA E MORAES RESTAURANTE LTDA",255
"CASAS GUANABARA COMESTÍVEIS LTDA","252,05"
"I DE SOUZA RAMOS E CIA LTDA",252
"VILLA FRANCISCA COM. DE ALIMENTOS LTDA",252
"ROSANGELA DE OLIVEIRA VERDE",250
"R. & P. EMPREENDIMENTOS ALIMENTÍCIOS LTDA","246,4"
"CARREFOUR COMÉRCIO E INDÚSTIRA LTDA","243,78"
"DJALMA LUIZ DA ROCHA - ME","242,4"
"SUPERMERCADO POLIVALENTE","241,17"
"ATLANTICA HOTELS INTRNACIONAL LTDA",240
"PADARIA E CONVENIÊNCIA SANTOS",240
"S.A QUEIROZ CASA DAS BALAS",240
"VALMIR A DALLA CORTE CHURRASCARIA -EPP",240
"WALLMART SUPERMERCADO DO BRASIL LTDA","239,93"
"PANIFICADORA TRANZA LTDA","239,8"
"KINO EMPREENDIMENTO HOTELEIRO LTDA",239
"BISTRÔ LANCHONETE LTDA",238
"C G COSTA",238
"RESTAURANTE NESS LTDA",234
"PESTANA NATAL HOTEL","233,86"
"RESTAURANTE ARABIA","228,8"
"MARIENE PEDROSO DA SILVA - RESTAURANTE",228
"FRANGASSO COMÉRCIO DE FRANGOS LTDA",225
"SENE FERREGUTTI CHOPERIA E WHISQUERIA LTDA",225
"SUPER MERCADO ZONA SUL S/A","224,7"
"HOTEL CEL. BERTASO S.A","224,1"
"CANTO DO SOL HOTÉIS E TURISMO LTDA",224
"CEVEL CECILIO VEÍCULOS","219,5"
"RESTAURANTE AEROPORTO",218
"JURACY DA SILVA COSMO",217
"HOTEL BELVEDERE LTDA.","214,94"
"PRANZO COMERCIO DE ALIMENTOS - LTDA","210,28"
"BAR SAKURA LTDA",210
"PADARIA E CONFEITARIA ESTRELA POLAR LTDA",210
"RODRIGUES &IRMÃO LTDA - CAFE AQUARIOS",210
"SOARES & FERNANDES RESTAURANTE LTDA",210
"AJA EMPREENDIMENTOS ALIMENTÍCIOS LTDA - EPP","207,2"
"WMF COMERCIO DE ALIMENTOS LTDA MC DONALDS","204,4"
"PAULA DE FRANÇA LIMA",204
"TELMA MARIA QUEIROZ PESSOA",204
"LCD COMERCIAL LTDA",203
"ALVANI CASSIANO DA CUNHA",200
"C.A.DA S. CARDOSO",200
"LILIAN S. K. NAKANO -ME",200
"RAQUEL QUEIROZ DE ARAUJO",200
"RESTAURANTE E PIZZARIA REALEZA DE SANTA CRUZ LTDA. ME",200
"RESTAURANTE MINAS TCHÊ LTDA",200
"MCDONALD´S COMERCIO DE ALIMENTOS LTDA",199
"BABY'S GULA RESTAURANTE LTDA",198
"L.S DE OLIVEIRA LANDIM","196,5"
"COMERCIAL DE ALIMENTOS JOSE EDUARDO LTDA",196
"PETISQUEIRA BOKERÃO DUPERA LTDA","195,6"
"PADARIA E CONFEITARIA NOBREGA",195
"GRAND HOTEL CADORO - INDÚSTRIA DE HOTÉIS GUZZONI S/A","193,4"
"4ª COMPANHIA DE GUARDAS - 6ª RM - SALVADOR/BA",190
"SIGNATURE FLIGHT SUPPORT","187,01"
"PANIFICADORA COPACABANA LTDA",186
"DARCI INÁCIO WEIZENMANN","185,6"
"GB DA SILVA HOTEL E CHURRASCARIA  - ME","184,8"
"CHURRASCARIA E BUFFET DOURADÃO",182
"SOLARUIM SÃO PAULO S.A.","180,5"
"BAR E CAFÉ FLOR DO NORTE LTDA",180
"RESTAURANTE ABENÇOADO",180
"ROMANOS PANIFICADORA LTDA",180
"WELINGTON LUIZ DE OLIVEIRA SANTOS ME","179,7"
"ERENIZE GUERRA ANDRADE",176
"IRMÃOS ALVES EMPREENDIMENTOS TURÍSTICOS LTDA",175
"IRMÃOS BARBOSA REFEIÇÕES INDUSTRIAIS LTDA",175
"LEDU EMPREENDIMENTOS HOTELEIRO LTDA",173
"TOP INTERNACIONAL",173
"RESTAURANTE OLIVOS LTDA","171,2"
"JVS PADARIA LTDA",170
"MARIA DA GLÓRIA HENRIQUE DOS SANTOS",168
"CHURRASCARIA MAURICIO LTDA",165
"WINDSOR BARRA HOTEL LTDA",165
"MMB COMÉRCIO DE ALIMENTOS LTDA",164
"PIZZA EXPRESS","162,5"
"BARCA RESTAURANTE E CHURRASCARIA",162
"DALLA COMÉRCIO DE GÊNEROS ALIMENTÍCIOS LTDA",162
"COZINHA PAPILOTE PRODUTOS ALIMENTÍCIOS LTDA","161,6"
"JAVORSKI & CIA LTDA","160,8"
"AQUINO & CRUZ LTDA","157,5"
"SPEED LANCHES","154,4"
"M. DO C. SOUTO DANTAS-ME",153
"BAR E LANCHONETE RODA DO PAPO FURADO LTDA",150
"ELIENE VASCONCELOS CABIRTA- CABANINHA",150
"JPA EMPREENDIMENTOS HOTELEIROS E TURÍSTICOS LTDA - MRE",150
"PADARIA E MERCEARIA AEROPORTO DE SOROCABA LTDA - EPP",150
"ROSEMEIRE DE MACENA - ME",150
"SAN MARINO HOTEL - ORGANIZAÇÃO HOTELEIRA JOMATEL LTDA",150
"SORVETE ITALIA",150
"ESTAÇÃO DELICIA","149,6"
"MILENE BIFFI",148
"HOTEL PARAUHAU LTDA",147
"RIBEIRO & FERREIRA LANCHONETE LTDA - ME",145
"TFC COMERCIO DE ALIMENTOS LTDA",145
"KZAR BAR & RESTAURANTE","144,06"
"BARRETUR GRILL COMERCIO LTDA",144
"CARDUM PALACE HOTEL LTDA",144
"MÁRCIA MARIA ASSIS DE PAULA",144
"MARIA NAIR DE OLIVEIRA",144
"TAG COMÉRCIO DE ALIMENTOS LTDA","143,65"
"PERICLES OLIVEIRA SILVA",141
"AMIGOS DO LEBLON COMERCIO DE FRUTAS LTDA","140,9"
"ELIANE DE SOUZA LOPES PAIXAO - ME",140
"IVONE PIRES FUNNICHELI",140
"MC DONALD'S","137,5"
"JORGE SILVA DA CRUZ","136,7"
"HOTEL RIO DO SONO LTDA",136
"SHOP PLAST COMERCIAL DE EMBALAGEM LTDA","135,84"
"BOM PREÇO SUPERMERCADOS DO NORDESTE LTDA","135,82"
"LANCHONETE PAMPLONA LTDA ME",135
"SINOSCAP - GALETERIA E RESTAURANTE LTDA",135
"DL DE SOUZA 7 CIA LTDA",134
"GREGÓRIO M. COM. SERV. REST. EVENTOS LTDA. -ME/MEE",132
"GIRAFFA´S","130,8"
"VISUAL PRAIA HOTEL LTDA.",128
"ILHA POINT SUPER LANCHES LTDA","127,8"
"MABLAS COMERCIAL LTDA","127,5"
"PÃO DA HORA COM. E IND. DE ALIMENTOS LTDA","127,3"
"EMPREENDIMENTOS CASTRO LTDA",126
"SAVASSI BAR E RESTAURANTE LTDA",126
"EDUARDO SILVA SANTOS BOCA DO RIO",125
"MERCEARIA DEVA E DANI LTDA",123
"PANIFICADORA ROMA BRASILEIRA LTDA","121,8"
"ANTONIOS SAVIATO E AMON LTDA - ME",120
"CATARINA RODRIGUES GOMES LIMA",120
"FINE LINEA PÃES E DOCES LTDA",120
"JUSSARA ADRIANA DE OLIVEIRA",120
"POUSADA MORRO ENCANTADO",120
"RESTAURANTE D´ITÁLIA",120
"RESTAURANTE O PICUI LTDA",120
"SKINA FRIOS ALUIZIO BARBOSA DE LIMA","118,5"
"RESTAURANTE AVELINOS TOMBO LTDA - EPP","114,1"
"STAR FOOD SUPER LANCHES LTDA","113,4"
"ILHONE DE FÁTIMA WAGNER E CIA LTDA",112
"MOISES ALBUQUERQUE NOGUEIRA",112
"RESTAURANTE TREVO DA VIA VERDE LTDA - ME",112
"MELIÁ BRASIL ADM. HOTELEIRA E COMERCIAL LTDA","111,05"
"RESTAURANTE NATURAL CACHOEIRA TROPICAL",110
"RIVER PARK CONVENÇÕES E HOTELARIA LTDA.",110
"BAR RESTAURANTE PIZZARIA GAROTA DE COPA LTDA",108
"NAZITA E ISMAR LTDA",108
"LANCHONETE GUARARAPES LTDA","102,6"
"CHURRASCARIA CHIMARISCO LTDA","100,8"
"CBB FARIA LIMA ADMINISTRAÇÃO HOTELARIA E COMERCIAL LTDA",100
"CENTER VIA 304",98
"PARK TOWER HOTEL E CONVEÇÕES LTDA",98
"STAFF ADMIN LTDA - UBERABA APART HOTEL",96
"HB EXPRESS COMÉRCIO DE ALIMENTOS LTDA",90
"M.D.B. DA CRUZ - ME",90
"CREMONINI COMÉRCIO DE PRODUTOS ALIMENTÍCIOS LTDA.",88
"PANIFICADORA THALY",88
"EXCELÊNCIA DO PÃO LTDA",86
"SLEEP INN",86
"PANELA DE PEDRA","85,47"
"PANATURA","85,25"
"HOTEL E RESTAURANTE BENFICA",85
"JOSEFA MARIA DE SANTANA MONTE",85
"SAINT MORITZ HOT. ACCOR BRASIL S.A.","84,81"
"R & C EMPREENDIMENTOS ALIMENTICIOS LTDA - EPP","84,5"
"MARISA RISSOTTO BANALETTI",84
"PANIFICADORA PÃO DO CAMBUÍ LTDA","81,6"
"PRAIA DO SABUGO BAR LTDA - ME","81,4"
"CASA DOS GRELHADOS RESTAURANTE LTDA","80,85"
"JOSÉ IVALDO DA SILVA",80
"CHR","79,02"
"BAR E RESTAURANTE SOLMAR LTDA",79
"TALHER BRASIL","77,59"
"PANIFICADORA VASCONCELOS LTDA","74,25"
"POUSADA PONTAL DOS ANJOS - JOÃO GERVÁSIO PAIXÃO -ME",74
"WTCD ADMINISTRAÇÃO E HOTELARIA LTDA",73
"JORGE LUIS NOLASCO RIBEIRO ACONHEGO",72
"PER TUTTI PIZZARIA LTDA",72
"SUCESSO COMERCIO DE ALIMENTOS LTDA",72
"RESTAURANTE S.B.C DAMASCO LTDA.","71,5"
"EVEREST HOTEIS S.A",70
"JOSELY FERREIRA FERNANDES ME","68,2"
"COLINAS RESTAURANTE","66,6"
"AQUARIUM RESTAURANTE LTDA","63,8"
"BLUE TREE HOTEL","60,7"
"COSTA E GAGLIANO LANCHONETE LTDA",60
"HOTEL E CHURRASCARIA CAIÇARA",60
"J. V. MAIA",60
"JADINA DONDOSSSOLA DE CARLI",60
"ALGAS COMERCIAL DE ALIMENTOS LTDA","58,2"
"PRODUTOS HORTIGRANGEIROS RIGON LTDA","57,52"
"RESTAURANTE BH MINAS LTDA","56,47"
"PRATI",56
"OUROTUR ORGANIZAÇÃO LTDA","55,44"
"CAFE & CIA",55
"RAÇÕES BIG WORLD LTDA",55
"MARIA DE LOURDES","54,4"
"CAFÉ E CIA",54
"GENDILSON NILO DE OLIVEIRA",54
"LOURIVAL BUFFET",54
"ANGELA MARIA PEREIRA DE OLIVEIRA ME","52,5"
"REYNALDO V DE RESENDE",52
"BAR E LANCHES CASTOR & MARTINS LTDA - ME",50
"DANIELA BASTOS DI DOMENICO","48,9"
"MARSEILLE PAES E DOCES LTDA.","48,18"
"SUPERMERCADO MENDES","48,04"
"KEL PANIFICADORA E LANCHONETE LTDA",48
"COSTELÃO KATHEDRAL LTDA",46
"LEÃO E GUSMÃO LTDA","45,5"
"BARBARA PORRES NASCIMENTO BERTOCELLO","45,2"
"RAIMUNDA IRENE ALBUQUERQUE","44,55"
"ZERO GRAU",44
"PETIT RIBEIRÃO COMÉRCIO DE ALIMENTOS LTDA","43,8"
"GERMANS DISTRIBUIDORA DE COMESTÍVEIS LTDA","43,29"
"ORG. JUNIOR E JOABE SERTÃO FRIOS",42
"RIVER PALACE HOTEL LTDA","41,3"
"SANCHES E MATTOS COMESTIVEIS LTDA.","40,08"
"ATHANASE SARANTOPOULOS HOTEIS E TURISMO",40
"CABAÇA DE MEL ALIMENTOS COMERCIO LTDA-ME",40
"MARIA DE LOURDES GUSMAO SIQUEIRA",40
"FRANCISCO BATISTA LOPES FREIRE SOBRAL CE","39,6"
"HOTUCAFRE-HOTEIS E TURISMO CALADO DE FREITAS LTDA",39
"PADARIA E CONFEITARIA ALCANTARA LTDA - EPP",39
"PRATAS PARK HOTEL LTDA.",38
"RITA CLARA BATISTA DE SOUZA ME","37,5"
"TAC SERVIÇOS DE ALIMENTAÇÃO LTDA","37,4"
"LANCHES BH LTDA","37,2"
"PORTA A PORTA","36,5"
"SÃO PAULO COMIDA TIPICA","35,81"
"REST E PIZZARIA MUSIQUE LTDA - ME - METROPOLIS","34,87"
"ANA LUCIA LISBOA DOS SANTOS",34
"RESTAURANTE E LANCHONETE K DELÍCIAS LTDA",33
"FAST BURGER COMERCIO DE ALIMENTOS LTDA",32
"HORTIGIL HORTIFRUTI S/A","31,25"
"FLAVIO MAURICIO NEVES",30
"JOSÉ LEONARDO DOMINGOS COUTO",30
"PARK TOWER COMERCIO DE ALIMENTOS LTDA. - EPP",30
"QUITUNGO COMÉRCIO E SERVIÇO DE BAR E RESTARANTE LTDA",30
"LANCHONETE LUAR DA FRANCA LTDA","29,5"
"J. LIRA JUCA",29
"JOAO PAULO HERMAN PEREIRA GHIJS",29
"WAGNER RIBEIRO FEITOSA","28,5"
"COMERCIAL DE ALIMENTOS TR LTDA - ME",26
"FEIJÃO VERDE CHURRASCARIA LTDA",26
"MARIA LÚCIA GONÇALVES LUIZ - ME",24
"PIZZARIA TENTATIVA LTDA",24
"AFONSO E GANNARI LTDA","23,6"
"ARAÚJO & RODRIGUES LTDA","23,3"
"SERRANA EMPREENDIMENTOS E PARTICIPAÇÕES LTDA","22,9"
"IRMÃOS BRETAS FILHOS E CIA LTDA","22,74"
"JOSYANE LIMA DE ASSIS SANTOS","20,9"
"ADM RESTAURANTE LTDA.",20
"CANTINA DO GIOVANNI BRUNO LTDA",20
"JOSEFA VANIA MEIRA DE FREITAS",20
"JURUÁ COMBUSTIVEIS E NAVEGAÇÃO LTDA",20
"L.S.B.GUEDES",20
"LESSA HOTEL LTDA",20
"LILIAN LIZ LYERE NOGUEIRA ME",20
"POSADAS SUDAMERICA LTDA- CESAR BUSINESS",20
"TANCREDO JOSE DOS SANTOS MACEDO JUNIOR ME",20
"BOMBOCADO BUFFET LIMITADA","18,8"
"SENA PARK POSTO LTDA","18,8"
"JOAO FREIRE DE SA SUPERMERCADOS LTDA","17,3"
"BAKANINHA BAR E RESTAURANTE LTDA - ME",17
"SRª SALADA COMESTÍVEIS LTDA","16,7"
"MERCANTIL RODRIGUES LTDA","16,65"
"SUPERMERCADO PAGUE MENOS","16,3"
"MARLIM COMERCIAL LTDA","15,16"
"CASA MAYO DE COMESTIVEIS LTDA",15
"LANCHONETE PARADA IBIRAÇU LTDA",15
"NIVANEIDE ROSA DE LIMA TELES",15
"CHURRASCARIA E CHOPERIA GAÚCHA LTDA","14,4"
"BAR E RESTAURANTE O TIMBAU","14,3"
"WELINGTON ALVES DE CARVALHO","13,6"
"FARMACIA NOSSA SENHORA SANTANA","13,5"
"SUPERMERCADO SEVIA LTDA","12,6"
"CHURRASCARIA TERTULIA LTDA","12,5"
"AUGUSTO CESAR FARIAS DE OLIVEIRA",12
"G MOTTA & CIA LTDA",12
"GREGÓRIO BEZERRA DE ALMEIDA FILHO",12
"NATUREZA EMPREENDIMENTOS HOTELEIROS LTDA ME",12
"COMPAHIA BRASILEIRA DE DISTRIBUIÇÃO  - PÃO DE AÇUCAR","11,56"
"PADARIA E LANCHONETE CENTRAL","10,2"
"LOURDES SUSAN OLIVEIRA ME",10
"MARIA DE LOURDES FRAPORTI",10
"NOBRE PALACE HOTEL LTDA",10
"POSTO DANGELIS LTDA",10
"REZENDE AUTO PEÇAS LTDA  - RESTAURANTE E LANCHONETE",10
"MERCANTIL ALIMENTOS COM. IMPORT. LTDA","9,89"
"AUTO POSTO NOVAES LTDA",3
